{"Objective Value":{"0":13064.7480955395},"Total Cost":{"0":"Total Cost: $ 13064.74809553947"},"Generators Power (pu)":{"0":{"PG1":2.5000000249,"PG2":1.2080272656,"PG3":1.6619727095}}}