{"Objective Value":{"0":13064.7480955783},"Total Cost":{"0":"Total Cost: $ 13064.748095578292"},"Generators Power (pu)":{"0":{"PG1":2.5000000248,"PG2":1.2080272656,"PG3":1.6619727096}}}