{"Objective Value":{"0":16162.2974494913},"Total Cost Quad":{"0":"Total Cost Quad: $ 16162.297449491263"},"Total Cost Cubic":{"0":"Total Cost Cubic $ 23431.322813941817"},"Generators Power (pu)":{"0":{"PG1":1.0251934364,"PG2":0.5537438994,"PG3":3.7910626642}},"Bus Angles":{"0":{"Bus 1":0,"Bus 2":-0.3089373008,"Bus 3":-0.8089373258}},"Line Flows (pu)":{"0":{"Line 1":-0.2162561106,"Line 2":-0.8089373258,"Line 3":-0.20000001}}}