{"Objective Value":{"0":20835.6366220578},"Total Cost Quad":{"0":"Total Cost Quad: $ 16959.0289854195"},"Total Cost Cubic":{"0":"Total Cost Cubic $ 20835.63662205784"},"Generators Power (pu)":{"0":{"PG1":1.9567157264,"PG2":0.1701758976,"PG3":3.2431083759}},"Bus Angles":{"0":{"Bus 1":0,"Bus 2":-0.8568915891,"Bus 3":-1.3568916141}},"Line Flows (pu)":{"0":{"Line 1":-0.5998241124,"Line 2":-1.3568916141,"Line 3":-0.20000001}}}