{"Objective Value":{"0":12446.2242215343},"Total Cost Quad":{"0":"Total Cost Quad: $ 15007.192991580843"},"Total Cost Cubic":{"0":"Total Cost Cubic $ 12446.224221534325"},"Generators Power (pu)":{"0":{"PG1":1.8507416548,"PG2":1.5700000157,"PG3":1.9492583295}}}