{"Objective Value":{"0":14597.5235865637},"Total Cost Quad":{"0":"Total Cost Quad: $ 14597.523586563726"},"Total Cost Cubic":{"0":"Total Cost Cubic $ 13999.283495828142"},"Generators Power (pu)":{"0":{"PG1":1.214901803,"PG2":1.5700000156,"PG3":2.5850981814}}}